Workbook
Name payable_amount: #REF!

Sheet Title
A1: FOR CONTRACTORS & SUPPLIERS ONLY FOR PAYMENT FOR WORK OR SUPPLIES ACTUALLY MEASURED
A2: Bill Number | B2: First
A3: Running or Final | B3: Final
A4: Cash Book Voucher No. and Date | D4: First Final First & Final Bill Not Applicable 2145 Dt. 15-02-2025 72/2024-25 478510 15-02-25 22-02-25 10-05-25 19-07-25 07-04-25 3.75 Below 0
A5: Name of Contractor or supplier : | B5: M/s. Shree Krishna Builders Jaipur
A6: Name of Work ;- | B6: Plumbing Installation and MTC work at Govt. Nehru hostel Mansarovar, Sanganer, Jaipur
A7: Serial No. of this bill : | B7: First & Final Bill
A8: No. and date of the last bill- | B8: Not Applicable
A9: Reference to work order or Agreement : | B9: 0511 Dt. 05-11-2023
A10: Agreement No. | B10: 48/2024-25
A11: WORK ORDER AMOUNT RS. | B11: ='Work Order'!F11
A12: Date of written order to commence work : | B12: 45601
A13: St. date of Start : | B13: =B12+7
A14: St. date of completion : | B14: =B13+270
A15: Date of actual completion of work : | B15: =B14+5
A16: Date of measurement : | B16: =B15+32
A17: TENDER PREMIUM % | B17: 5.11
A18: Premium Type | B18: Above
A19: Amount Paid Vide Last Bill | B19: 0

Sheet Work Order
A1: Item | B1: Description | C1: Unit | D1: Quantity | E1: Rate | F1: Amount | G1: BSR
A2: 1 | B2: Rewiring of light point/ fan point/ exhaust fan point/ call bell point with 1.5 sq. mm nominal size FR PVC insulated unsheathed flexible copper conductor 1.1 kV grade and 1.5 sq. mm nominal size FR PVC insulated unsheathed flexible copper earth conductor 1.1 kV grade (IS:694) in recessed ISI marked MMS ( IS:9537 P - III ) virgin material PVC conduit & it's ISI marked (IS:3419-1988) accessories, round tiles, 1.2 mm thick MS box with earth terminal, 6 A switch, 3 pin ceiling rose/holder / 3 way connector , 3.0 mm thick ISI marked (IS:2036-1995) phenolic laminated sheet, Al.alloy / Cadmium plated iron/ brass screws, cup washers, making connections, testing etc. as required. For specification of copper Conductor, Phenolic Laminated sheet's & Electrical/ Wiring accessories refer Chapter E - 04, E - 05 & E - 07 For additional technical parameters of product / work refer Annexure 'A' attached with this BSR | F2: =IF(ISBLANK(D2),"",ROUND(D2*E2,0)) | G2: 1.5
B3: Short point (up to 3 mtr.) | C3: P. point | D3: 50 | E3: 256 | F3: =IF(ISBLANK(D3),"",ROUND(D3*E3,0)) | G3: 1.5.1
B4: Medium point (up to 6 mtr.) | C4: P. point | D4: 50 | E4: 472 | F4: =IF(ISBLANK(D4),"",ROUND(D4*E4,0)) | G4: 1.5.2
B5: Long point (up to 10 mtr.) | C5: P. point | D5: 50 | E5: 662 | F5: =IF(ISBLANK(D5),"",ROUND(D5*E5,0)) | G5: 1.5.3
A6: 2 | B6: Rewiring of 3/5 pin 6 amp. Light plug point with 1.5 sq. mm nominal size FR PVC insulated unsheathed flexible copper conductor 1.1 kV grade and 1.5 sq. mm nominal size FR PVC insulated unsheathed flexible copper earth conductor 1.1 kV grade(IS:694) in recessed ISI marked MMS ( IS:9537 P - III ) virgin material PVC conduit & it's ISI marked (IS:3419-1988) accessories, 1.2 mm thick MS box with earth terminal of required size, 6 A switch, 3/5 pin 6 A socket, 3.0 mm thick ISI marked (IS:2036-1995) phenolic laminated sheet, Al.alloy / Cadmium plated iron/ brass screws, cup washers, making connections, testing etc. as required. For specification of copper Conductor, Phenolic Laminated sheet's & Electrical/ Wiring accessories refer Chapter E - 04, E - 05 & E - 07 For additional technical parameters of product / work refer Annexure 'A' attached with this BSR | F6: =IF(ISBLANK(D6),"",ROUND(D6*E6,0)) | G6: 1.7
B7: On board | C7: P. point | D7: 100 | E7: 136 | F7: =IF(ISBLANK(D7),"",ROUND(D7*E7,0)) | G7: 1.7.1
A8: 3 | B8: P & F ISI marked (IS:3854) 6 amp. flush type non modular switch with CM/L no. printed and made out from industrial grade Polycarbonate or fire resistant ABS material including cutting hole in tile and making connection testing etc. as required. All as per pre approved by Engineer in charge. For additional technical parameters of products/ work , refer Annexure "A" attached with this BSR . | C8: Each | D8: 10 | E8: 23 | F8: =IF(ISBLANK(D8),"",ROUND(D8*E8,0)) | G8: 7.1
B9: Total | F9: =SUM(F2:F8)
B10: Add Tender Premium | C10: % | D10: =Title!B17 | E10: =Title!B18 | F10: =IF(E10 > 0, IF(E10 = "above", ROUND(F9 * D10 / 100, 0), IF(E10 = "below", -ROUND(F9 * D10 / 100, 0), IF(E10 = 0, 0, 0))))
B11: Grand Total | F11: =F9+F10

Sheet Bill Quantity
A1: Item | B1: Description | C1: Unit | D1: Quantity | E1: Rate | F1: Amount | G1: BSR
A2: 1 | B2: Rewiring of light point/ fan point/ exhaust fan point/ call bell point with 1.5 sq. mm nominal size FR PVC insulated unsheathed flexible copper conductor 1.1 kV grade and 1.5 sq. mm nominal size FR PVC insulated unsheathed flexible copper earth conductor 1.1 kV grade (IS:694) in recessed ISI marked MMS ( IS:9537 P - III ) virgin material PVC conduit & it's ISI marked (IS:3419-1988) accessories, round tiles, 1.2 mm thick MS box with earth terminal, 6 A switch, 3 pin ceiling rose/holder / 3 way connector , 3.0 mm thick ISI marked (IS:2036-1995) phenolic laminated sheet, Al.alloy / Cadmium plated iron/ brass screws, cup washers, making connections, testing etc. as required. For specification of copper Conductor, Phenolic Laminated sheet's & Electrical/ Wiring accessories refer Chapter E - 04, E - 05 & E - 07 For additional technical parameters of product / work refer Annexure 'A' attached with this BSR | F2: =IF(ISBLANK(D2),"",ROUND(D2*E2,0)) | G2: 1.5
B3: Short point (up to 3 mtr.) | C3: P. point | D3: 52 | E3: 256 | F3: =IF(ISBLANK(D3),"",ROUND(D3*E3,0)) | G3: 1.5.1
B4: Medium point (up to 6 mtr.) | C4: P. point | D4: 48 | E4: 472 | F4: =IF(ISBLANK(D4),"",ROUND(D4*E4,0)) | G4: 1.5.2
B5: Long point (up to 10 mtr.) | C5: P. point | D5: 52 | E5: 662 | F5: =IF(ISBLANK(D5),"",ROUND(D5*E5,0)) | G5: 1.5.3
A6: 2 | B6: Rewiring of 3/5 pin 6 amp. Light plug point with 1.5 sq. mm nominal size FR PVC insulated unsheathed flexible copper conductor 1.1 kV grade and 1.5 sq. mm nominal size FR PVC insulated unsheathed flexible copper earth conductor 1.1 kV grade(IS:694) in recessed ISI marked MMS ( IS:9537 P - III ) virgin material PVC conduit & it's ISI marked (IS:3419-1988) accessories, 1.2 mm thick MS box with earth terminal of required size, 6 A switch, 3/5 pin 6 A socket, 3.0 mm thick ISI marked (IS:2036-1995) phenolic laminated sheet, Al.alloy / Cadmium plated iron/ brass screws, cup washers, making connections, testing etc. as required. For specification of copper Conductor, Phenolic Laminated sheet's & Electrical/ Wiring accessories refer Chapter E - 04, E - 05 & E - 07 For additional technical parameters of product / work refer Annexure 'A' attached with this BSR | G6: 1.7
B7: On board | C7: P. point | D7: 102 | E7: 136 | F7: =IF(ISBLANK(D7),"",ROUND(D7*E7,0)) | G7: 1.7.1
A8: 3 | B8: P & F ISI marked (IS:3854) 6 amp. flush type non modular switch with CM/L no. printed and made out from industrial grade Polycarbonate or fire resistant ABS material including cutting hole in tile and making connection testing etc. as required. All as per pre approved by Engineer in charge. For additional technical parameters of products/ work , refer Annexure "A" attached with this BSR . | C8: Each | D8: 8 | E8: 23 | F8: =IF(ISBLANK(D8),"",ROUND(D8*E8,0)) | G8: 7.1
B9: Total | F9: =SUM(F2:F8)
B10: Add Tender Premium | C10: % | D10: =Title!B17 | E10: =Title!B18 | F10: =IF(E10 > 0, IF(E10 = "above", ROUND(F9 * D10 / 100, 0), IF(E10 = "below", -ROUND(F9 * D10 / 100, 0), IF(E10 = 0, 0, 0))))
B11: Grand Total | F11: =F9+F10

Sheet Extra Items
D1: EXTRA ITEM SLIP
A2: Name of Work :- | C2: =Title!B6
A3: Name of Contractor or supplier : | C3: =Title!B5
A4: Reference to work order or Agreement : | C4: =Title!B9
A6: S.No. | B6: Ref. BSR No. | C6: Particulars | D6: Qty. | E6: unit | F6: Rate | G6: Amount | H6: Remarks
A7: E-01 | C7: Minimum lumen output 2500 Im Post top Luminarie | D7: 2 | E7: Each | F7: 5075 | G7: =IF(ISBLANK(D7),"",ROUND(D7*F7,0))
A8: E-02 | C8: 6 A 3/5 pin shuttered socket | D8: 4 | E8: Each | F8: 107 | G8: =IF(ISBLANK(D8),"",ROUND(D8*F8,0))
A9: E-03 | C9: 6/16 A shuttered socket | D9: 5 | E9: Each | F9: 176 | G9: =IF(ISBLANK(D9),"",ROUND(D9*F9,0))
A10: E-04 | C10: Providing & Fixing of modular type lockable feature socket duly made out of unbreakable and fire retardant vergin poly carbonate with brass terminals and captive screws & silver alloy contact tip with IP-20 rating, including all as per pre approved by Engineer in charge, making connections, testing etc. as required. For additional technical parameters of product / work refer Annexure 'A' attached with this BSR | D10: 5 | E10: Each | F10: 345 | G10: =IF(ISBLANK(D10),"",ROUND(D10*F10,0))
A11: E-05 | C11: 6 A 3/5 pin shuttered socket | D11: 4 | E11: Each | F11: 107 | G11: =IF(ISBLANK(D11),"",ROUND(D11*F11,0))
A12: E-06 | C12: 6/16 A shuttered socket | D12: 5 | E12: Each | F12: 176 | G12: =IF(ISBLANK(D12),"",ROUND(D12*F12,0))
C13: Total | G13: =SUM(G7:G12)
C14: Add Tender Premium | D14: % | E14: =Title!B17 | F14: =Title!B18 | G14: =IF(F14 > 0, IF(F14 = "above", ROUND(G13 * E14 / 100, 0), IF(F14 = "below", -ROUND(G13 * E14 / 100, 0), IF(F14 = 0, 0, 0))))
C15: Grand Total | G15: =G13+G14

Sheet Shree 48
A1: Field | B1: Value
A2: Bill Number | B2: First
A3: Agreement No. | B3: 48/2024-25
A4: Calculated Total Amount | B4: nan
